path	line	command	proposed_owner
src-tauri/src/adaptive_evaluation/evaluation_pair.rs	286	list_adaptive_evaluations	saaa-work
src-tauri/src/adaptive_evaluation/evaluation_pair.rs	292	import_adaptive_evaluation	saaa-work
src-tauri/src/adaptive_evaluation/evaluation_pair.rs	305	approve_adaptive_artifact	saaa-work
src-tauri/src/adaptive_evaluation/evaluation_pair.rs	319	activate_adaptive_artifact	saaa-work
src-tauri/src/artifact_preview/commands.rs	9	mount_source_website	saaa-tools
src-tauri/src/artifact_preview/commands.rs	34	open_source_website_in_browser	saaa-tools
src-tauri/src/artifact_preview/commands.rs	43	scroll_source_website	saaa-tools
src-tauri/src/artifact_preview/commands.rs	48	report_artifact_webview_session	saaa-tools
src-tauri/src/artifact_preview/commands.rs	68	poll_artifact_webview_request	saaa-tools
src-tauri/src/artifact_preview/commands.rs	73	complete_artifact_webview_request	saaa-tools
src-tauri/src/artifact_preview/commands.rs	78	prepare_artifact_preview	saaa-tools
src-tauri/src/artifact_preview/commands.rs	86	release_artifact_preview	saaa-tools
src-tauri/src/artifact_preview/commands.rs	95	mount_artifact_preview	saaa-tools
src-tauri/src/coding/commands.rs	4	get_coding_settings	saaa-work
src-tauri/src/coding/commands.rs	8	save_coding_settings	saaa-work
src-tauri/src/coding/commands.rs	31	probe_coding	saaa-work
src-tauri/src/coding/commands.rs	57	register_coding_workspace	saaa-work
src-tauri/src/coding/commands.rs	65	coding_snapshot	saaa-work
src-tauri/src/coding/commands.rs	69	cancel_coding_job	saaa-work
src-tauri/src/coding/terminal/commands.rs	4	answer_terminal_question	saaa-work
src-tauri/src/coding/terminal/commands.rs	30	open_terminal_progress	saaa-work
src-tauri/src/coding/terminal/commands.rs	44	confirm_terminal_completion	saaa-work
src-tauri/src/coding/terminal/commands.rs	70	recover_terminal_job	saaa-work
src-tauri/src/database_backup.rs	5	backup_database	saaa-storage
src-tauri/src/diagnosis/commands.rs	5	run_diagnosis	saaa-diagnosis
src-tauri/src/diagnosis/commands.rs	13	get_diagnosis_report	saaa-diagnosis
src-tauri/src/generative_ui/artifact_history.rs	4	list_artifact_instances	saaa-tools
src-tauri/src/generative_ui/commands.rs	6	get_ui_enabled	saaa-tools
src-tauri/src/generative_ui/commands.rs	10	set_ui_enabled	saaa-tools
src-tauri/src/generative_ui/commands.rs	21	get_ui_instance	saaa-tools
src-tauri/src/generative_ui/commands.rs	31	list_ui_view_revisions	saaa-tools
src-tauri/src/generative_ui/commands.rs	41	query_ui_source	saaa-tools
src-tauri/src/generative_ui/commands.rs	56	save_ui_instance_state	saaa-tools
src-tauri/src/generative_ui/commands.rs	85	publish_ui_view	saaa-tools
src-tauri/src/generative_ui/commands.rs	92	search_ui_views	saaa-tools
src-tauri/src/generative_ui/commands.rs	99	open_ui_view	saaa-tools
src-tauri/src/generative_ui/commands.rs	112	snapshot_ui_view	saaa-tools
src-tauri/src/generative_ui/commands.rs	134	cancel_ui_run	saaa-tools
src-tauri/src/generative_ui/commands.rs	174	archive_ui_view	saaa-tools
src-tauri/src/generative_ui/history.rs	76	list_message_window	saaa-tools
src-tauri/src/lib/window_shutdown_grace.rs	71	frontend_ready	saaa-application-or-host
src-tauri/src/lib/window_shutdown_grace.rs	75	get_app_snapshot	saaa-application-or-host
src-tauri/src/lib/window_shutdown_grace.rs	79	get_situation_snapshot	saaa-application-or-host
src-tauri/src/lib/window_shutdown_grace.rs	85	set_situation_monitoring	saaa-application-or-host
src-tauri/src/lib/window_shutdown_grace.rs	98	report_owned_signal	saaa-application-or-host
src-tauri/src/lib/window_shutdown_grace.rs	105	submit_situation_feedback	saaa-application-or-host
src-tauri/src/lib/window_shutdown_grace.rs	115	clear_situation_history	saaa-application-or-host
src-tauri/src/lib/window_shutdown_grace.rs	122	get_situation_review_snapshot	saaa-application-or-host
src-tauri/src/lib/window_shutdown_grace.rs	136	create_situation_calibration_candidate	saaa-application-or-host
src-tauri/src/lib/window_shutdown_grace.rs	145	run_situation_calibration	saaa-application-or-host
src-tauri/src/lib/window_shutdown_grace.rs	174	decide_situation_calibration	saaa-application-or-host
src-tauri/src/lib/window_shutdown_grace.rs	189	export_diagnostics	saaa-application-or-host
src-tauri/src/lib/window_shutdown_grace.rs	195	load_tts_voice_catalog	saaa-application-or-host
src-tauri/src/lib/window_shutdown_grace.rs	202	test_model_provider	saaa-application-or-host
src-tauri/src/lib/window_shutdown_grace.rs	209	resolve_service_harness	saaa-application-or-host
src-tauri/src/lib/window_shutdown_grace.rs	215	set_provider_api_key	saaa-application-or-host
src-tauri/src/lib/window_shutdown_grace.rs	222	delete_provider_api_key	saaa-application-or-host
src-tauri/src/lib/window_shutdown_grace.rs	228	get_provider_credential_state	saaa-application-or-host
src-tauri/src/lib/window_shutdown_grace.rs	234	record_frontend_audit_event	saaa-application-or-host
src-tauri/src/lib/window_shutdown_grace.rs	241	cancel_run	saaa-application-or-host
src-tauri/src/lib/window_shutdown_grace.rs	283	save_settings_documents	saaa-application-or-host
src-tauri/src/lib/window_shutdown_grace.rs	290	set_voice_listening_enabled	saaa-application-or-host
src-tauri/src/lib/window_shutdown_grace.rs	297	list_messages	saaa-application-or-host
src-tauri/src/lib/window_shutdown_grace.rs	349	shutdown_app_state	saaa-application-or-host
src-tauri/src/media_generation/artifacts.rs	4	read_generated_media	saaa-media
src-tauri/src/media_generation/generation.rs	5	generate_media	saaa-media
src-tauri/src/media_generation/ipc_tests.rs	4	fallback_probe	saaa-media
src-tauri/src/media_generation/mod.rs	56	cancel_media_generation	saaa-media
src-tauri/src/media_generation/recovery.rs	5	list_media_generations	saaa-media
src-tauri/src/media_generation/recovery.rs	15	reconcile_media_generation	saaa-media
src-tauri/src/memory/personal_state/commands.rs	8	personal_state_snapshot	saaa-memory
src-tauri/src/memory/personal_state/commands.rs	12	set_personal_state_enabled	saaa-memory
src-tauri/src/memory/personal_state/commands.rs	43	forget_personal_source	saaa-memory
src-tauri/src/memory/personal_state/commands.rs	97	personal_state_extract_once	saaa-memory
src-tauri/src/memory/personal_state/commands.rs	132	personal_source_page	saaa-memory
src-tauri/src/memory/personal_state/episode_export.rs	17	episode_sync_status	saaa-memory
src-tauri/src/memory/personal_state/episode_export.rs	21	set_episode_sync_scope	saaa-memory
src-tauri/src/memory/personal_state/episode_export.rs	124	set_memory_consolidation	saaa-memory
src-tauri/src/memory/personal_state/retrospective/commands.rs	3	set_world_review_mode	saaa-memory
src-tauri/src/memory/personal_state/retrospective/commands.rs	19	world_review_candidates	saaa-memory
src-tauri/src/persistence/audit/record_event.rs	269	list_audit_events	saaa-storage
src-tauri/src/providers/service_registry/commands.rs	14	get_service_registry	saaa-providers
src-tauri/src/providers/service_registry/commands.rs	36	save_service_registry	saaa-providers
src-tauri/src/providers/service_registry/commands.rs	70	set_service_connection_secret	saaa-providers
src-tauri/src/providers/service_registry/commands.rs	83	get_service_connection_secret_state	saaa-providers
src-tauri/src/providers/service_registry/commands.rs	102	probe_service_resource	saaa-providers
src-tauri/src/role_routing/ipc/routing_snapshot_input.rs	93	get_routing_snapshot	saaa-conversation
src-tauri/src/role_routing/ipc/routing_snapshot_input.rs	103	replay_routing_events	saaa-conversation
src-tauri/src/role_routing/ipc/routing_snapshot_input.rs	118	cancel_routing_root	saaa-conversation
src-tauri/src/role_routing/ipc/routing_snapshot_input.rs	159	decide_routing_proposal	saaa-conversation
src-tauri/src/role_routing/ipc/routing_snapshot_input.rs	215	run_routing_learning_once	saaa-conversation
src-tauri/src/role_routing/ipc/routing_snapshot_input.rs	252	get_routing_learning_snapshot	saaa-conversation
src-tauri/src/role_routing/ipc/routing_snapshot_input.rs	260	rollback_adaptive_artifact	saaa-conversation
src-tauri/src/runtime/context/world/capabilities.rs	36	world_provider_capabilities	saaa-conversation
src-tauri/src/runtime/context/world/capabilities.rs	66	world_context_status	saaa-conversation
src-tauri/src/runtime/conversation_check.rs	288	record_conversation_capture_audit_event	saaa-conversation
src-tauri/src/runtime/conversation_check.rs	344	transcribe_conversation_audio	saaa-conversation
src-tauri/src/runtime/conversation_check.rs	588	release_conversation_asr_session	saaa-conversation
src-tauri/src/runtime/conversation_check.rs	603	speak_conversation_answer	saaa-conversation
src-tauri/src/runtime/conversation_check.rs	818	submit_conversation_text	saaa-conversation
src-tauri/src/runtime/conversation_check/queue_runtime.rs	83	start_conversation_audio_idle	saaa-conversation
src-tauri/src/runtime/conversation_check/queue_runtime.rs	88	stop_conversation_audio_idle	saaa-conversation
src-tauri/src/runtime/conversation_check/queue_runtime.rs	93	conversation_audio_idle_status	saaa-conversation
src-tauri/src/runtime/conversation_check/queue_runtime.rs	99	enqueue_conversation_text	saaa-conversation
src-tauri/src/runtime/conversation_check/queue_runtime.rs	164	cancel_conversation_input	saaa-conversation
src-tauri/src/runtime/conversation_check/queue_runtime.rs	192	conversation_queue_snapshot	saaa-conversation
src-tauri/src/runtime/conversation_check/queue_runtime.rs	204	replay_conversation_speech	saaa-conversation
src-tauri/src/runtime/conversation_check/worker_lane.rs	518	cancel_worker_task	saaa-conversation
src-tauri/src/runtime/image_input/commands.rs	8	prepare_composer_image	saaa-conversation
src-tauri/src/runtime/image_input/commands.rs	27	discard_composer_image	saaa-conversation
src-tauri/src/runtime/image_input/commands.rs	35	claim_turn_image	saaa-conversation
src-tauri/src/runtime/image_input/commands.rs	44	confirm_image_input	saaa-conversation
src-tauri/src/runtime/image_input/commands.rs	71	release_turn_image	saaa-conversation
src-tauri/src/runtime/provider_unit_test.rs	63	run_provider_unit_test	saaa-conversation
src-tauri/src/runtime/start_turn.rs	64	start_turn	saaa-conversation
src-tauri/src/schedule/commands.rs	11	schedule_list	saaa-work
src-tauri/src/schedule/commands.rs	18	schedule_add	saaa-work
src-tauri/src/schedule/commands.rs	85	schedule_withdraw	saaa-work
src-tauri/src/schedule/commands.rs	102	schedule_status	saaa-work
src-tauri/src/schedule/commands.rs	125	schedule_set_enabled	saaa-work
src-tauri/src/schedule/commands.rs	139	schedule_set_calendar	saaa-work
src-tauri/src/schedule/commands.rs	167	schedule_connect_calendar	saaa-work
src-tauri/src/schedule/commands.rs	188	schedule_disconnect_calendar	saaa-work
src-tauri/src/schedule/commands.rs	197	schedule_forget	saaa-work
src-tauri/src/steward/commands.rs	70	list_steward_goals	saaa-work
src-tauri/src/steward/commands.rs	81	work_confirm	saaa-work
src-tauri/src/steward/commands.rs	109	work_resolve	saaa-work
src-tauri/src/steward/commands.rs	158	register_steward_recipe	saaa-work
src-tauri/src/steward/commands.rs	193	withdraw_steward_delegation	saaa-work
src-tauri/src/steward/commands.rs	202	list_steward_tasks	saaa-work
src-tauri/src/steward/commands.rs	216	work_propose	saaa-work
src-tauri/src/steward/commands.rs	230	work_status	saaa-work
src-tauri/src/steward/commands.rs	238	work_withdraw	saaa-work
src-tauri/src/steward/commands.rs	256	work_amend	saaa-work
src-tauri/src/steward/work_queue.rs	5	reorder_steward_queue	saaa-work
src-tauri/src/tts_dictionary.rs	131	list_tts_dictionary	saaa-voice
src-tauri/src/tts_dictionary.rs	136	search_tts_dictionary_presets	saaa-voice
src-tauri/src/tts_dictionary.rs	150	lookup_tts_dictionary_entry	saaa-voice
src-tauri/src/tts_dictionary.rs	170	save_tts_dictionary_entry	saaa-voice
src-tauri/src/tts_dictionary.rs	197	delete_tts_dictionary_entry	saaa-voice
src-tauri/src/tts_dictionary.rs	218	preview_tts_dictionary	saaa-voice
src-tauri/src/voice/audio_backend/commands.rs	20	audio_backend_status	saaa-voice
src-tauri/src/voice/audio_backend/commands.rs	25	start_native_voice_capture	saaa-voice
src-tauri/src/voice/audio_backend/commands.rs	41	stop_native_voice_capture	saaa-voice
src-tauri/src/voice/audio_backend/commands.rs	47	interrupt_native_voice_playback	saaa-voice
src-tauri/src/voice/qwen_realtime_asr.rs	97	conversation_asr_transport	saaa-voice
src-tauri/src/voice/qwen_realtime_asr.rs	107	start_qwen_asr_session	saaa-voice
src-tauri/src/voice/qwen_realtime_asr.rs	253	append_qwen_asr_audio	saaa-voice
src-tauri/src/voice/qwen_realtime_asr.rs	275	stop_qwen_asr_session	saaa-voice
src-tauri/src/voice_behavior.rs	62	get_conversation_voice_policy	saaa-voice
src-tauri/src/voice_behavior.rs	70	update_conversation_voice_policy	saaa-voice
src-tauri/src/voice_behavior.rs	78	reset_conversation_voice_policy	saaa-voice
src-tauri/src/voice_commands.rs	3	get_voice_profile_snapshot	saaa-application-or-host
src-tauri/src/voice_commands.rs	12	stage_audio_upload	saaa-application-or-host
src-tauri/src/voice_commands.rs	20	save_voice_enrollment_sample	saaa-application-or-host
src-tauri/src/voice_commands.rs	34	set_target_speaker_filter_enabled	saaa-application-or-host
src-tauri/src/voice_commands.rs	44	delete_voice_enrollment_sample	saaa-application-or-host
src-tauri/src/voice_commands.rs	54	delete_voice_profile	saaa-application-or-host
src-tauri/src/voice_commands.rs	61	read_voice_enrollment_sample	saaa-application-or-host
src-tauri/src/voice_commands.rs	73	stop_tts	saaa-application-or-host
src-tauri/src/worker_agents/registry/commands.rs	7	list_worker_agents	saaa-work
src-tauri/src/worker_agents/registry/commands.rs	14	get_worker_agent	saaa-work
src-tauri/src/worker_agents/registry/commands.rs	24	save_worker_agent_draft	saaa-work
src-tauri/src/worker_agents/registry/commands.rs	34	approve_worker_agent_revision	saaa-work
src-tauri/src/worker_agents/registry/commands.rs	54	set_worker_agent_enabled	saaa-work
src-tauri/src/worker_agents/registry/commands.rs	66	save_worker_skill	saaa-work
src-tauri/src/worker_agents/registry/commands.rs	76	set_worker_web_search_mode	saaa-work
src-tauri/src/worker_agents/registry/commands.rs	86	list_worker_tasks	saaa-work
src-tauri/src/worker_agents/registry/commands.rs	96	list_worker_url_blocklist	saaa-work
src-tauri/src/worker_agents/registry/commands.rs	107	remove_worker_url_blocklist	saaa-work
