path	sha256
crates/larm-session/Cargo.toml	d881a7ebceaa31a489e0fac0c4a87965cb74c5b9abdd938f2163d8cb387fc3ac
crates/personal-state-core/Cargo.toml	2bb090e37343bfa4c622c8036d907839c57a9a636cc016abcb49cd5e8f54334c
crates/reasoning-contract/Cargo.toml	306cb06fc53db5e5a5044c0d1223d29c33d5ee5d65bd32f80d45f92d0e09b34e
crates/saaa-media/Cargo.toml	713a76b7d3a3ba64db274def126d80e27a2a70d77c74d53719ae36045fec3928
crates/saaa-provider-routing/Cargo.toml	af42e3155495d0d111aa6253ff2e0e2e914937103a3a1e39c3e2fc56ed083737
crates/terminal-agent-runtime/Cargo.toml	19cdfab05d8453e53afba3d58992e0a746ae220cb5a0b2e555834076b7af7ee1
services/feature-lab/Cargo.toml	54ee7ccc92c5401beb0f13ae620dd23b4c5652d00136d40cbe80fb49520ff8f3
services/reasoning-mcp/Cargo.toml	cbd55f83fcb32cb35feed5cbb0478ab410a587004ddc3ced0070e8b013bf3719
src-tauri/Cargo.toml	aeeab68ba3e80eacb45f201ed5656143372d27b4f1506196178ee1ca48ea1fcd
